[
  {
    "id": 1,
    "name": "Classic Denim Jacket",
    "description": "A timeless denim jacket perfect for casual outings. Made from high-quality cotton denim with a comfortable fit.",
    "price": 89.99,
    "category": "Outerwear",
    "stock": 15,
    "image": "https://images.unsplash.com/photo-1551698618-1dfe5d97d256?w=400&h=400&fit=crop"
  },
  {
    "id": 2,
    "name": "Elegant Black Dress",
    "description": "Sophisticated black dress suitable for both office and evening wear. Features a flattering silhouette and premium fabric.",
    "price": 129.99,
    "category": "Dresses",
    "stock": 8,
    "image": "https://images.unsplash.com/photo-1595777457583-95e059d581b8?w=400&h=400&fit=crop"
  },
  {
    "id": 3,
    "name": "Casual Cotton T-Shirt",
    "description": "Comfortable and breathable cotton t-shirt available in multiple colors. Perfect for everyday wear.",
    "price": 24.99,
    "category": "T-Shirts",
    "stock": 25,
    "image": "https://images.unsplash.com/photo-1521572163474-6864f9cf17ab?w=400&h=400&fit=crop"
  },
  {
    "id": 4,
    "name": "Slim Fit Jeans",
    "description": "Modern slim-fit jeans crafted from premium denim. Offers comfort and style for any occasion.",
    "price": 79.99,
    "category": "Jeans",
    "stock": 11,
    "image": "https://images.unsplash.com/photo-1542272604-787c3835535d?w=400&h=400&fit=crop"
  },
  {
    "id": 5,
    "name": "Wool Blend Sweater",
    "description": "Cozy wool blend sweater perfect for cooler weather. Features a classic design and soft texture.",
    "price": 94.99,
    "category": "Sweaters",
    "stock": 10,
    "image": "https://images.unsplash.com/photo-1434389677669-e08b4cac3105?w=400&h=400&fit=crop"
  },
  {
    "id": 6,
    "name": "Summer Floral Blouse",
    "description": "Light and airy floral blouse perfect for summer days. Features a beautiful print and comfortable fit.",
    "price": 54.99,
    "category": "Blouses",
    "stock": 18,
    "image": "https://images.unsplash.com/photo-1485968579580-b6d72834b5a4?w=400&h=400&fit=crop"
  },
  {
    "id": 7,
    "name": "Leather Boots",
    "description": "Durable leather boots with excellent craftsmanship. Perfect for both casual and semi-formal occasions.",
    "price": 149.99,
    "category": "Footwear",
    "stock": 7,
    "image": "https://images.unsplash.com/photo-1549298916-b41d501d3772?w=400&h=400&fit=crop"
  },
  {
    "id": 8,
    "name": "Sports Sneakers",
    "description": "Comfortable sports sneakers designed for active lifestyles. Features cushioned sole and breathable material.",
    "price": 119.99,
    "category": "Footwear",
    "stock": 20,
    "image": "https://images.unsplash.com/photo-1600185365483-26d7a4cc7519?w=400&h=400&fit=crop"
  }
]